A,R,N,D,C,Q,E,G,H,I,L,K,M,F,P,S,T,W,Y,V,X
-0.298832925077143,0.0805055569710991,0.0609550246686934,-0.225565831887028,0.340454540581569,-0.359644793132219,-0.781848804007441,0.428214037344711,39.0933695358869,37.2737820032473,0.340555568062254,3.57955810853131,-0.131849271925697,0.754569605338511,0.976656709383773,0.320270530887806,94.8572030411627,-4.29125361812861,22.1523809976415,0.730589303330762,0
0.223193297564999,2.15036607947693,-3.3553342508667,-5.6388408196993,0.381545376981583,-0.379206178703427,-0.773308398532653,-27.6173801933386,1.9057703600954,4.64498890734393,5.6341847324066,1.30890841812249,3.74357315663808,4.77377261322026,-56.597470133849,-5.12704509000922,-1.97328060166797,2.80650301580949,0.246857680688981,4.2468113945656,0
-4.83465047672963,30.9589132601204,-3.90103247471002,-2.85996020368218,-3.53900190630207,2.08003644636972,0.423806545734,-28.7691017380338,2.88396733444269,-0.0810705034002544,-0.618975755880857,5.55679674633664,2.27298419535564,3.80317126288085,17.2787206571356,-4.8687333572362,-1.8580240248385,11.5159592408238,4.05054517724014,-1.49684124090186,0
0.328250373223301,29.900696074884,8.60784616398273,8.59278517558194,-3.71690134405937,3.11325626504782,5.34665075911584,17.389608637379,1.9132117685787,-10.5396668783685,-9.24084319935444,8.4989402876608,-8.11302465170454,-8.81323687022818,-13.470757598409,5.89204873213456,3.79763041812312,-10.5726421305882,-4.228220833395,-8.32243333699781,0
-0.0542447233521246,13.873472918529,-5.14609204691984,-13.1982495389918,4.63436502629406,-3.69830824907364,-10.5043870220449,21.084464472029,-1.15213967818347,8.40122643593956,7.83831563801777,-2.72649394672133,7.92122302540837,9.22775431295747,-3.59735127010455,-3.79137294244286,-4.03062424340502,12.1332295248732,6.44584578318702,7.47160367856969,0
9.94482668791469,4.58554200233508,-6.99569468436378,-9.63130081907754,-2.91911092122657,-2.51648800581834,-3.58515768025548,-3.07758487914438,-5.54944637892384,4.66481750821068,7.31648015723404,1.32673733116772,-3.20283308265816,-3.06442219649993,3.0862726083116,1.60460198532245,1.80355904726161,-17.3079526038891,-9.80939379370073,7.66574788879517,0
-8.15054088156926,1.22737494017871,2.91129461339237,-4.67643575454254,13.9849981512618,-3.05182454839544,-12.2996191635744,-3.60262990105821,-0.363027894599297,-2.12115046101778,-8.79497500192434,-6.93629097366661,-7.00998489332811,-0.717214429402107,0.0829700911680584,3.23560269282088,0.52405473400352,-5.10267485335923,1.34925142226441,0.524557278080297,0
5.33040990172944,4.72184138969394,0.576449018585221,11.5130250292985,10.0822066609334,-2.13083671901616,7.15214059263748,-1.36728188157688,-7.26764347830488,2.51616466438754,3.47070790252004,-10.8292575702855,2.61586846817261,2.59022001838097,0.057101577286673,3.72463925389185,3.07900692597687,1.70636431972811,-2.57072734274379,4.12091046383598,0
-3.31614605335495,0.603369938285941,3.615786008141,4.17949960771438,-9.34654321653945,-2.92006974571697,-1.4027153190989,-0.0547910338052492,-2.69316374384113,2.4947759745325,3.43455838951165,-3.95523460720442,-10.8441460302805,7.57481689762993,-0.205362103199449,0.620968257560407,-1.34418846590211,-2.17013320400506,6.09224509543081,2.89723178546424,0
2.80136430267615,-0.344634011244906,0.670965726376751,-1.00909046491209,-6.36400323960507,-2.0737026855633,-6.54728643665235,-1.0273228433128,-5.9943102851085,-3.0924194931976,-1.0925977598717,-2.80775530863775,0.890131881258518,-4.12310641290679,-0.78449592594545,6.04890126246026,4.718337986257,7.29614644973145,-2.51072387834612,-1.66723124618816,0
-3.02191531525269,0.515771526429547,-8.85538235621056,-1.9757359533943,-3.00206934932666,1.39224691506346,4.08296203192895,1.42385824448289,-3.16755759108009,-1.207382217555,-5.24832820494809,-6.9324615525546,-1.17836061221812,-1.49738101595581,-0.804035787550806,-5.73134969658403,1.98216720767241,-0.581030628996657,0.568439283207224,-1.12448274403796,0
0.534080182861148,-1.07241012764496,-2.52908316555075,-1.17046622001713,3.95564973492072,1.07645859681055,3.1460566431586,0.322202538143493,-5.33401900768717,1.78898834084102,-0.601143969950326,7.01742622529464,-7.61566694754575,-3.33922705231554,-0.300473429459878,0.996492380321326,0.838942981631126,4.70994304635208,2.62660988970434,3.23315452244858,0
-5.8928158376065,0.26081924748189,2.44479035873581,1.96797808499395,-1.55313720490084,3.05707610768691,-1.26872274328494,-0.168344631779572,-5.71389988234678,3.51579459631801,-0.385340207419723,1.66723539173655,5.88036709801949,-3.74618328766411,-0.0162801127259035,-0.165357070620271,0.152557392275478,-3.11267686548476,2.6762275741538,3.10826734584883,0
0.252182315262295,0.213815597881048,0.548416134652708,3.32256298847819,-1.54772677080084,-3.85896137525516,-1.46524580691061,0.338179664169803,2.77687503387052,4.91158917311251,-4.55480124069235,0.285807629071301,-0.926725432473459,-2.64506614526054,0.00107473753280181,-3.12972778714785,-1.91700444816031,2.14038547629855,-4.57446368576649,3.77355113764402,0
-2.4248095716245,-0.170040791334433,5.04848947186943,-3.41379099162784,0.429792704930349,0.892841669267972,2.07809246549793,0.241864674387728,-3.22040798792712,1.82195052900064,0.483066004771056,0.169351474549859,-1.10040908621548,2.8948294949102,0.188980575823194,-3.11836689181537,2.01827878570475,1.24451335938653,-5.80344925701338,-2.65628188361595,0
4.17536167802204,0.0422319754817785,4.04009556888722,-3.98100763372504,-1.13549147351723,1.3106514837526,2.97469635247332,-0.496765301179598,0.0700279367825279,0.500850535745079,-5.17616950893219,-1.63987753316978,1.06420544803254,0.941362623844953,0.128929196366964,1.37078670712316,-0.79509342853478,-0.25447083362384,2.74106013622478,3.00510561712946,0
2.19449093952946,-0.474488983183874,-2.25139229142375,2.52758165666447,0.194756172443905,0.987008564045728,-2.71213668258479,0.0644168629180777,-2.58794739360667,0.290403320329787,-4.13117990968436,3.359624992318,1.22020389553708,5.78495693080555,-0.0860560943945772,-0.444546425654534,0.844905811909439,-1.07502249613589,-0.389424975681885,-1.14937254519254,0
3.61068841543947,0.226465565557417,1.59684042743181,0.406956714777311,0.778250972958797,-1.46336736636216,-1.41391911256941,-0.365069929353253,-1.73724926196684,2.03652653373906,0.512489680823588,-0.518612924878784,-0.383721220438867,-2.47947681404386,0.0372992935197682,-3.9401512656778,-0.778677071397673,-0.730470289741582,3.16283875602033,-4.49979413490838,0
1.59260523289406,0.139599618774538,0.251619121131185,1.1161033913883,0.059117893276846,7.33138815186848,-2.55711555999084,0.112672010246495,1.20553650019412,0.873047966374869,0.799824953433661,-1.8173282911378,-1.87942750258998,-0.674632264741912,-0.0149126278152417,-0.966258815653029,-0.479047055208076,0.932657790868577,-1.02300122624702,0.716190543199575,0
-0.742791321220331,0.150275811924212,-1.45481149750115,-0.58222699427984,-0.290549000598566,0.600991453641965,0.923620013492829,-0.0076954384872185,0.42948382999907,4.48608900619024,-0.725647581001793,-0.602256266652803,-0.194984155289299,0.0354275723728041,-0.142717062805943,4.06970042219403,-1.80955676848159,-0.0634416350549527,-0.371557446064712,-3.34675073832768,0
